1306890000;000000250612-DI1;545.00
1306893600;000000250612-DI1;483.00
1306897200;000000250612-DI1;487.00
1306900800;000000250612-DI1;687.00
1306904400;000000250612-DI1;748.00
1306908000;000000250612-DI1;753.00
1306911600;000000250612-DI1;745.00
1306915200;000000250612-DI1;738.00
1306918800;000000250612-DI1;721.00
1306922400;000000250612-DI1;796.00
1306926000;000000250612-DI1;831.00
1306929600;000000250612-DI1;867.00
1306933200;000000250612-DI1;818.00
1306936800;000000250612-DI1;712.00
1306940400;000000250612-DI1;687.00
1306944000;000000250612-DI1;622.00
1306947600;000000250612-DI1;668.00
1306951200;000000250612-DI1;699.00
1306954800;000000250612-DI1;734.00
1306958400;000000250612-DI1;756.00
1306962000;000000250612-DI1;743.00
1306965600;000000250612-DI1;577.00
1306969200;000000250612-DI1;451.00
1306972800;000000250612-DI1;504.00
1306976400;000000250612-DI1;528.00
1306980000;000000250612-DI1;514.00
1306983600;000000250612-DI1;515.00
1306987200;000000250612-DI1;676.00
1306990800;000000250612-DI1;705.00
1306994400;000000250612-DI1;672.00
1306998000;000000250612-DI1;715.00
1307001600;000000250612-DI1;734.00
1307005200;000000250612-DI1;728.00
1307008800;000000250612-DI1;717.00
1307012400;000000250612-DI1;696.00
1307016000;000000250612-DI1;650.00
1307019600;000000250612-DI1;721.00
1307023200;000000250612-DI1;721.00
1307026800;000000250612-DI1;725.00
1307030400;000000250612-DI1;722.00
1307034000;000000250612-DI1;717.00
1307037600;000000250612-DI1;673.00
1307041200;000000250612-DI1;675.00
1307044800;000000250612-DI1;733.00
1307048400;000000250612-DI1;724.00
1307052000;000000250612-DI1;558.00
1307055600;000000250612-DI1;496.00
1307059200;000000250612-DI1;452.00
1307062800;000000250612-DI1;455.00
1307066400;000000250612-DI1;497.00
1307070000;000000250612-DI1;499.00
1307073600;000000250612-DI1;657.00
1307077200;000000250612-DI1;710.00
1307080800;000000250612-DI1;670.00
1307084400;000000250612-DI1;669.00
1307088000;000000250612-DI1;727.00
1307091600;000000250612-DI1;693.00
1307095200;000000250612-DI1;705.00
1307098800;000000250612-DI1;682.00
1307102400;000000250612-DI1;700.00
1307106000;000000250612-DI1;693.00
1307109600;000000250612-DI1;625.00
1307113200;000000250612-DI1;663.00
1307116800;000000250612-DI1;702.00
1307120400;000000250612-DI1;698.00
1307124000;000000250612-DI1;666.00
1307127600;000000250612-DI1;711.00
1307131200;000000250612-DI1;637.00
1307134800;000000250612-DI1;690.00
1307138400;000000250612-DI1;543.00
1307142000;000000250612-DI1;476.00
1307145600;000000250612-DI1;477.00
1307149200;000000250612-DI1;444.00
1307152800;000000250612-DI1;395.00
1307156400;000000250612-DI1;480.00
1307160000;000000250612-DI1;625.00
1307163600;000000250612-DI1;692.00
1307167200;000000250612-DI1;696.00
1307170800;000000250612-DI1;661.00
1307174400;000000250612-DI1;647.00
1307178000;000000250612-DI1;654.00
1307181600;000000250612-DI1;694.00
1307185200;000000250612-DI1;691.00
1307188800;000000250612-DI1;705.00
1307192400;000000250612-DI1;688.00
1307196000;000000250612-DI1;713.00
1307199600;000000250612-DI1;683.00
1307203200;000000250612-DI1;674.00
1307206800;000000250612-DI1;701.00
1307210400;000000250612-DI1;739.00
1307214000;000000250612-DI1;725.00
1307217600;000000250612-DI1;748.00
1307221200;000000250612-DI1;714.00
1307224800;000000250612-DI1;489.00
1307228400;000000250612-DI1;463.00
1307232000;000000250612-DI1;491.00
1307235600;000000250612-DI1;488.00
1307239200;000000250612-DI1;476.00
1307242800;000000250612-DI1;481.00
1307246400;000000250612-DI1;626.00
1307250000;000000250612-DI1;647.00
1307253600;000000250612-DI1;694.00
1307257200;000000250612-DI1;717.00
1307260800;000000250612-DI1;739.00
1307264400;000000250612-DI1;716.00
1307268000;000000250612-DI1;714.00
1307271600;000000250612-DI1;662.00
1307275200;000000250612-DI1;708.00
1307278800;000000250612-DI1;715.00
1307282400;000000250612-DI1;733.00
1307286000;000000250612-DI1;741.00
1307289600;000000250612-DI1;675.00
1307293200;000000250612-DI1;700.00
1307296800;000000250612-DI1;650.00
1307300400;000000250612-DI1;644.00
1307304000;000000250612-DI1;745.00
1307307600;000000250612-DI1;746.00
1307311200;000000250612-DI1;588.00
1307314800;000000250612-DI1;500.00
1307318400;000000250612-DI1;419.00
1307322000;000000250612-DI1;506.00
1307325600;000000250612-DI1;501.00
1307329200;000000250612-DI1;496.00
1307332800;000000250612-DI1;668.00
1307336400;000000250612-DI1;714.00
1307340000;000000250612-DI1;658.00
1307343600;000000250612-DI1;725.00
1307347200;000000250612-DI1;759.00
1307350800;000000250612-DI1;896.00
1307354400;000000250612-DI1;734.00
1307358000;000000250612-DI1;749.00
1307361600;000000250612-DI1;696.00
1307365200;000000250612-DI1;693.00
1307368800;000000250612-DI1;777.00
1307372400;000000250612-DI1;786.00
1307376000;000000250612-DI1;806.00
1307379600;000000250612-DI1;774.00
1307383200;000000250612-DI1;711.00
1307386800;000000250612-DI1;784.00
1307390400;000000250612-DI1;785.00
1307394000;000000250612-DI1;803.00
1307397600;000000250612-DI1;608.00
1307401200;000000250612-DI1;489.00
1307404800;000000250612-DI1;583.00
1307408400;000000250612-DI1;562.00
1307412000;000000250612-DI1;563.00
1307415600;000000250612-DI1;547.00
1307419200;000000250612-DI1;645.00
1307422800;000000250612-DI1;773.00
1307426400;000000250612-DI1;781.00
1307430000;000000250612-DI1;767.00
1307433600;000000250612-DI1;805.00
1307437200;000000250612-DI1;738.00
1307440800;000000250612-DI1;738.00
1307444400;000000250612-DI1;779.00
1307448000;000000250612-DI1;708.00
1307451600;000000250612-DI1;756.00
1307455200;000000250612-DI1;762.00
1307458800;000000250612-DI1;1037.00
1307462400;000000250612-DI1;1108.00
1307466000;000000250612-DI1;1453.00
1307469600;000000250612-DI1;1620.00
1307473200;000000250612-DI1;1347.00
1307476800;000000250612-DI1;1347.00
1307480400;000000250612-DI1;1458.00
1307484000;000000250612-DI1;1197.00
1307487600;000000250612-DI1;867.00
1307491200;000000250612-DI1;723.00
1307494800;000000250612-DI1;721.00
1307498400;000000250612-DI1;756.00
1307502000;000000250612-DI1;689.00
1307505600;000000250612-DI1;865.00
1307509200;000000250612-DI1;1346.00
1307512800;000000250612-DI1;2924.00
1307516400;000000250612-DI1;1638.00
1307520000;000000250612-DI1;1244.00
1307523600;000000250612-DI1;1083.00
1307527200;000000250612-DI1;981.00
1307530800;000000250612-DI1;961.00
1307534400;000000250612-DI1;1029.00
1307538000;000000250612-DI1;1011.00
1307541600;000000250612-DI1;934.00
1307545200;000000250612-DI1;1103.00
1307548800;000000250612-DI1;1240.00
1307552400;000000250612-DI1;1746.00
1307556000;000000250612-DI1;1909.00
1307559600;000000250612-DI1;1276.00
1307563200;000000250612-DI1;1321.00
1307566800;000000250612-DI1;1368.00
1307570400;000000250612-DI1;928.00
1307574000;000000250612-DI1;862.00
1307577600;000000250612-DI1;751.00
1307581200;000000250612-DI1;837.00
1307584800;000000250612-DI1;704.00
1307588400;000000250612-DI1;696.00
1307592000;000000250612-DI1;847.00
1307595600;000000250612-DI1;1312.00
1307599200;000000250612-DI1;2860.00
1307602800;000000250612-DI1;1665.00
1307606400;000000250612-DI1;1491.00
1307610000;000000250612-DI1;961.00
1307613600;000000250612-DI1;1092.00
1307617200;000000250612-DI1;1148.00
1307620800;000000250612-DI1;1137.00
1307624400;000000250612-DI1;961.00
1307628000;000000250612-DI1;1025.00
1307631600;000000250612-DI1;1323.00
1307635200;000000250612-DI1;1086.00
1307642400;000000250612-DI1;1334.00
1307646000;000000250612-DI1;1438.00
1307649600;000000250612-DI1;1337.00
1307653200;000000250612-DI1;1454.00
1307656800;000000250612-DI1;1016.00
1307660400;000000250612-DI1;861.00
1307664000;000000250612-DI1;807.00
1307667600;000000250612-DI1;700.00
1307671200;000000250612-DI1;668.00
1307674800;000000250612-DI1;663.00
1307678400;000000250612-DI1;844.00
1307682000;000000250612-DI1;1463.00
1307685600;000000250612-DI1;3156.00
1307689200;000000250612-DI1;1904.00
1307692800;000000250612-DI1;1537.00
1307696400;000000250612-DI1;1202.00
1307700000;000000250612-DI1;974.00
1307703600;000000250612-DI1;943.00
1307707200;000000250612-DI1;950.00
1307710800;000000250612-DI1;816.00
1307714400;000000250612-DI1;739.00
1307718000;000000250612-DI1;748.00
1307721600;000000250612-DI1;766.00
1307725200;000000250612-DI1;804.00
1307728800;000000250612-DI1;807.00
1307732400;000000250612-DI1;773.00
1307736000;000000250612-DI1;798.00
1307739600;000000250612-DI1;796.00
1307743200;000000250612-DI1;643.00
1307746800;000000250612-DI1;568.00
1307750400;000000250612-DI1;570.00
1307754000;000000250612-DI1;578.00
1307757600;000000250612-DI1;549.00
1307761200;000000250612-DI1;585.00
1307764800;000000250612-DI1;711.00
1307768400;000000250612-DI1;788.00
1307772000;000000250612-DI1;767.00
1307775600;000000250612-DI1;759.00
1307779200;000000250612-DI1;777.00
1307782800;000000250612-DI1;754.00
1307786400;000000250612-DI1;755.00
1307790000;000000250612-DI1;751.00
1307793600;000000250612-DI1;752.00
1307797200;000000250612-DI1;731.00
1307800800;000000250612-DI1;789.00
1307804400;000000250612-DI1;831.00
1307808000;000000250612-DI1;792.00
1307811600;000000250612-DI1;765.00
1307815200;000000250612-DI1;781.00
1307818800;000000250612-DI1;804.00
1307822400;000000250612-DI1;821.00
1307826000;000000250612-DI1;794.00
1307829600;000000250612-DI1;659.00
1307833200;000000250612-DI1;581.00
1307836800;000000250612-DI1;585.00
1307840400;000000250612-DI1;577.00
1307844000;000000250612-DI1;585.00
1307847600;000000250612-DI1;566.00
1307851200;000000250612-DI1;708.00
1307854800;000000250612-DI1;740.00
1307858400;000000250612-DI1;787.00
1307862000;000000250612-DI1;761.00
1307865600;000000250612-DI1;808.00
1307869200;000000250612-DI1;799.00
1307872800;000000250612-DI1;809.00
1307876400;000000250612-DI1;790.00
1307880000;000000250612-DI1;810.00
1307883600;000000250612-DI1;792.00
1307887200;000000250612-DI1;801.00
1307890800;000000250612-DI1;808.00
1307894400;000000250612-DI1;788.00
1307898000;000000250612-DI1;798.00
1307901600;000000250612-DI1;791.00
1307905200;000000250612-DI1;787.00
1307908800;000000250612-DI1;771.00
1307912400;000000250612-DI1;766.00
1307916000;000000250612-DI1;608.00
1307919600;000000250612-DI1;549.00
1307923200;000000250612-DI1;551.00
1307926800;000000250612-DI1;570.00
1307930400;000000250612-DI1;570.00
1307934000;000000250612-DI1;563.00
1307937600;000000250612-DI1;733.00
1307941200;000000250612-DI1;792.00
1307944800;000000250612-DI1;782.00
1307948400;000000250612-DI1;797.00
1307952000;000000250612-DI1;777.00
1307955600;000000250612-DI1;790.00
1307959200;000000250612-DI1;778.00
1307962800;000000250612-DI1;783.00
1307966400;000000250612-DI1;783.00
1307970000;000000250612-DI1;781.00
1307973600;000000250612-DI1;774.00
1307977200;000000250612-DI1;757.00
1307980800;000000250612-DI1;771.00
1307984400;000000250612-DI1;781.00
1307988000;000000250612-DI1;786.00
1307991600;000000250612-DI1;762.00
1307995200;000000250612-DI1;797.00
1307998800;000000250612-DI1;795.00
1308002400;000000250612-DI1;631.00
1308006000;000000250612-DI1;569.00
1308009600;000000250612-DI1;584.00
1308013200;000000250612-DI1;565.00
1308016800;000000250612-DI1;560.00
1308020400;000000250612-DI1;570.00
1308024000;000000250612-DI1;729.00
1308027600;000000250612-DI1;794.00
1308031200;000000250612-DI1;800.00
1308034800;000000250612-DI1;802.00
1308038400;000000250612-DI1;789.00
1308042000;000000250612-DI1;759.00
1308045600;000000250612-DI1;968.00
1308049200;000000250612-DI1;938.00
1308052800;000000250612-DI1;950.00
1308056400;000000250612-DI1;779.00
1308060000;000000250612-DI1;762.00
1308063600;000000250612-DI1;716.00
1308067200;000000250612-DI1;795.00
1308070800;000000250612-DI1;856.00
1308074400;000000250612-DI1;720.00
1308078000;000000250612-DI1;705.00
1308081600;000000250612-DI1;703.00
1308085200;000000250612-DI1;654.00
1308088800;000000250612-DI1;525.00
1308092400;000000250612-DI1;460.00
1308096000;000000250612-DI1;457.00
1308099600;000000250612-DI1;480.00
1308103200;000000250612-DI1;466.00
1308106800;000000250612-DI1;478.00
1308110400;000000250612-DI1;636.00
1308114000;000000250612-DI1;693.00
1308117600;000000250612-DI1;687.00
1308121200;000000250612-DI1;696.00
1308124800;000000250612-DI1;700.00
1308128400;000000250612-DI1;687.00
1308132000;000000250612-DI1;683.00
1308135600;000000250612-DI1;824.00
1308139200;000000250612-DI1;875.00
1308142800;000000250612-DI1;878.00
1308146400;000000250612-DI1;687.00
1308150000;000000250612-DI1;702.00
1308153600;000000250612-DI1;659.00
1308157200;000000250612-DI1;698.00
1308160800;000000250612-DI1;693.00
1308164400;000000250612-DI1;689.00
1308168000;000000250612-DI1;659.00
1308171600;000000250612-DI1;705.00
1308175200;000000250612-DI1;531.00
1308178800;000000250612-DI1;463.00
1308182400;000000250612-DI1;461.00
1308186000;000000250612-DI1;422.00
1308189600;000000250612-DI1;436.00
1308193200;000000250612-DI1;432.00
1308196800;000000250612-DI1;623.00
1308204000;000000250612-DI1;687.00
1308207600;000000250612-DI1;782.00
1308211200;000000250612-DI1;850.00
1308214800;000000250612-DI1;847.00
1308218400;000000250612-DI1;780.00
1308225600;000000250612-DI1;773.00
1308229200;000000250612-DI1;744.00
1308236400;000000250612-DI1;665.00
1308240000;000000250612-DI1;659.00
1308243600;000000250612-DI1;602.00
1308247200;000000250612-DI1;656.00
1308250800;000000250612-DI1;651.00
1308254400;000000250612-DI1;690.00
1308258000;000000250612-DI1;671.00
1308261600;000000250612-DI1;541.00
1308265200;000000250612-DI1;505.00
1308268800;000000250612-DI1;474.00
1308272400;000000250612-DI1;432.00
1308276000;000000250612-DI1;486.00
1308279600;000000250612-DI1;488.00
1308283200;000000250612-DI1;665.00
1308290400;000000250612-DI1;682.00
1308294000;000000250612-DI1;659.00
1308297600;000000250612-DI1;654.00
1308301200;000000250612-DI1;626.00
1308304800;000000250612-DI1;661.00
1308308400;000000250612-DI1;715.00
1308312000;000000250612-DI1;761.00
1308315600;000000250612-DI1;736.00
1308319200;000000250612-DI1;656.00
1308322800;000000250612-DI1;679.00
1308326400;000000250612-DI1;685.00
1308330000;000000250612-DI1;653.00
1308333600;000000250612-DI1;616.00
1308337200;000000250612-DI1;658.00
1308340800;000000250612-DI1;689.00
1308344400;000000250612-DI1;655.00
1308348000;000000250612-DI1;528.00
1308351600;000000250612-DI1;438.00
1308355200;000000250612-DI1;469.00
1308358800;000000250612-DI1;512.00
1308362400;000000250612-DI1;499.00
1308366000;000000250612-DI1;494.00
1308373200;000000250612-DI1;688.00
1308376800;000000250612-DI1;682.00
1308380400;000000250612-DI1;675.00
1308384000;000000250612-DI1;684.00
1308387600;000000250612-DI1;664.00
1308391200;000000250612-DI1;659.00
1308394800;000000250612-DI1;673.00
1308398400;000000250612-DI1;657.00
1308402000;000000250612-DI1;668.00
1308405600;000000250612-DI1;671.00
1308409200;000000250612-DI1;661.00
1308412800;000000250612-DI1;672.00
1308416400;000000250612-DI1;679.00
1308420000;000000250612-DI1;660.00
1308423600;000000250612-DI1;666.00
1308427200;000000250612-DI1;646.00
1308430800;000000250612-DI1;663.00
1308434400;000000250612-DI1;541.00
1308438000;000000250612-DI1;475.00
1308441600;000000250612-DI1;491.00
1308445200;000000250612-DI1;483.00
1308448800;000000250612-DI1;490.00
1308452400;000000250612-DI1;488.00
1308456000;000000250612-DI1;652.00
1308459600;000000250612-DI1;695.00
1308463200;000000250612-DI1;726.00
1308466800;000000250612-DI1;685.00
1308470400;000000250612-DI1;655.00
1308474000;000000250612-DI1;685.00
1308477600;000000250612-DI1;670.00
1308481200;000000250612-DI1;679.00
1308484800;000000250612-DI1;653.00
1308488400;000000250612-DI1;670.00
1308492000;000000250612-DI1;648.00
1308495600;000000250612-DI1;648.00
1308499200;000000250612-DI1;655.00
1308502800;000000250612-DI1;697.00
1308506400;000000250612-DI1;690.00
1308510000;000000250612-DI1;679.00
1308513600;000000250612-DI1;696.00
1308517200;000000250612-DI1;660.00
1308520800;000000250612-DI1;550.00
1308524400;000000250612-DI1;515.00
1308528000;000000250612-DI1;506.00
1308531600;000000250612-DI1;505.00
1308535200;000000250612-DI1;477.00
1308538800;000000250612-DI1;458.00
1308542400;000000250612-DI1;606.00
1308546000;000000250612-DI1;719.00
1308549600;000000250612-DI1;731.00
1308553200;000000250612-DI1;731.00
1308556800;000000250612-DI1;724.00
1308560400;000000250612-DI1;736.00
1308564000;000000250612-DI1;710.00
1308567600;000000250612-DI1;692.00
1308571200;000000250612-DI1;737.00
1308574800;000000250612-DI1;792.00
1308578400;000000250612-DI1;839.00
1308582000;000000250612-DI1;842.00
1308585600;000000250612-DI1;866.00
1308589200;000000250612-DI1;862.00
1308592800;000000250612-DI1;975.00
1308596400;000000250612-DI1;844.00
1308600000;000000250612-DI1;801.00
1308603600;000000250612-DI1;787.00
1308607200;000000250612-DI1;662.00
1308610800;000000250612-DI1;597.00
1308614400;000000250612-DI1;607.00
1308618000;000000250612-DI1;589.00
1308621600;000000250612-DI1;498.00
1308625200;000000250612-DI1;549.00
1308628800;000000250612-DI1;678.00
1308632400;000000250612-DI1;699.00
1308636000;000000250612-DI1;704.00
1308639600;000000250612-DI1;701.00
1308643200;000000250612-DI1;874.00
1308646800;000000250612-DI1;758.00
1308650400;000000250612-DI1;740.00
1308654000;000000250612-DI1;700.00
1308657600;000000250612-DI1;686.00
1308661200;000000250612-DI1;795.00
1308664800;000000250612-DI1;780.00
1308668400;000000250612-DI1;785.00
1308672000;000000250612-DI1;907.00
1308675600;000000250612-DI1;709.00
1308679200;000000250612-DI1;714.00
1308682800;000000250612-DI1;799.00
1308686400;000000250612-DI1;828.00
1308690000;000000250612-DI1;753.00
1308693600;000000250612-DI1;586.00
1308697200;000000250612-DI1;471.00
1308700800;000000250612-DI1;494.00
1308704400;000000250612-DI1;457.00
1308708000;000000250612-DI1;430.00
1308711600;000000250612-DI1;429.00
1308715200;000000250612-DI1;600.00
1308718800;000000250612-DI1;732.00
1308722400;000000250612-DI1;828.00
1308726000;000000250612-DI1;839.00
1308729600;000000250612-DI1;875.00
1308733200;000000250612-DI1;856.00
1308736800;000000250612-DI1;818.00
1308740400;000000250612-DI1;742.00
1308744000;000000250612-DI1;755.00
1308747600;000000250612-DI1;759.00
1308751200;000000250612-DI1;774.00
1308754800;000000250612-DI1;743.00
1308758400;000000250612-DI1;819.00
1308762000;000000250612-DI1;767.00
1308765600;000000250612-DI1;819.00
1308769200;000000250612-DI1;770.00
1308772800;000000250612-DI1;806.00
1308776400;000000250612-DI1;793.00
1308780000;000000250612-DI1;590.00
1308783600;000000250612-DI1;516.00
1308787200;000000250612-DI1;481.00
1308790800;000000250612-DI1;463.00
1308794400;000000250612-DI1;452.00
1308798000;000000250612-DI1;448.00
1308801600;000000250612-DI1;601.00
1308805200;000000250612-DI1;693.00
1308808800;000000250612-DI1;686.00
1308812400;000000250612-DI1;812.00
1308816000;000000250612-DI1;881.00
1308819600;000000250612-DI1;769.00
1308823200;000000250612-DI1;703.00
1308826800;000000250612-DI1;677.00
1308830400;000000250612-DI1;749.00
1308834000;000000250612-DI1;723.00
1308837600;000000250612-DI1;715.00
1308841200;000000250612-DI1;832.00
1308844800;000000250612-DI1;885.00
1308848400;000000250612-DI1;758.00
1308852000;000000250612-DI1;764.00
1308855600;000000250612-DI1;762.00
1308859200;000000250612-DI1;768.00
1308862800;000000250612-DI1;748.00
1308866400;000000250612-DI1;557.00
1308870000;000000250612-DI1;472.00
1308873600;000000250612-DI1;459.00
1308877200;000000250612-DI1;452.00
1308880800;000000250612-DI1;465.00
1308884400;000000250612-DI1;456.00
1308888000;000000250612-DI1;608.00
1308891600;000000250612-DI1;681.00
1308895200;000000250612-DI1;671.00
1308898800;000000250612-DI1;760.00
1308902400;000000250612-DI1;864.00
1308906000;000000250612-DI1;744.00
1308909600;000000250612-DI1;681.00
1308913200;000000250612-DI1;685.00
1308916800;000000250612-DI1;679.00
1308920400;000000250612-DI1;681.00
1308924000;000000250612-DI1;864.00
1308927600;000000250612-DI1;755.00
1308931200;000000250612-DI1;784.00
1308934800;000000250612-DI1;1023.00
1308938400;000000250612-DI1;852.00
1308942000;000000250612-DI1;849.00
1308945600;000000250612-DI1;795.00
1308949200;000000250612-DI1;750.00
1308952800;000000250612-DI1;606.00
1308956400;000000250612-DI1;502.00
1308960000;000000250612-DI1;430.00
1308963600;000000250612-DI1;434.00
1308967200;000000250612-DI1;425.00
1308970800;000000250612-DI1;459.00
1308974400;000000250612-DI1;610.00
1308978000;000000250612-DI1;687.00
1308981600;000000250612-DI1;667.00
1308985200;000000250612-DI1;694.00
1308988800;000000250612-DI1;791.00
1308992400;000000250612-DI1;783.00
1308996000;000000250612-DI1;743.00
1308999600;000000250612-DI1;733.00
1309003200;000000250612-DI1;735.00
1309006800;000000250612-DI1;730.00
1309010400;000000250612-DI1;714.00
1309014000;000000250612-DI1;686.00
1309017600;000000250612-DI1;678.00
1309021200;000000250612-DI1;681.00
1309024800;000000250612-DI1;915.00
1309028400;000000250612-DI1;832.00
1309032000;000000250612-DI1;811.00
1309035600;000000250612-DI1;836.00
1309039200;000000250612-DI1;639.00
1309042800;000000250612-DI1;552.00
1309046400;000000250612-DI1;546.00
1309050000;000000250612-DI1;523.00
1309053600;000000250612-DI1;512.00
1309057200;000000250612-DI1;514.00
1309060800;000000250612-DI1;668.00
1309064400;000000250612-DI1;722.00
1309068000;000000250612-DI1;703.00
1309071600;000000250612-DI1;812.00
1309075200;000000250612-DI1;838.00
1309078800;000000250612-DI1;786.00
1309082400;000000250612-DI1;711.00
1309086000;000000250612-DI1;668.00
1309089600;000000250612-DI1;646.00
1309093200;000000250612-DI1;678.00
1309096800;000000250612-DI1;753.00
1309100400;000000250612-DI1;791.00
1309104000;000000250612-DI1;771.00
1309107600;000000250612-DI1;761.00
1309111200;000000250612-DI1;791.00
1309114800;000000250612-DI1;888.00
1309118400;000000250612-DI1;874.00
1309122000;000000250612-DI1;798.00
1309125600;000000250612-DI1;679.00
1309129200;000000250612-DI1;571.00
1309132800;000000250612-DI1;528.00
1309136400;000000250612-DI1;502.00
1309140000;000000250612-DI1;478.00
1309143600;000000250612-DI1;479.00
1309147200;000000250612-DI1;634.00
1309150800;000000250612-DI1;698.00
1309154400;000000250612-DI1;784.00
1309158000;000000250612-DI1;752.00
1309161600;000000250612-DI1;825.00
1309165200;000000250612-DI1;732.00
1309168800;000000250612-DI1;814.00
1309172400;000000250612-DI1;798.00
1309176000;000000250612-DI1;791.00
1309179600;000000250612-DI1;682.00
1309183200;000000250612-DI1;699.00
1309186800;000000250612-DI1;682.00
1309190400;000000250612-DI1;628.00
1309194000;000000250612-DI1;640.00
1309197600;000000250612-DI1;755.00
1309201200;000000250612-DI1;767.00
1309204800;000000250612-DI1;739.00
1309208400;000000250612-DI1;667.00
1309212000;000000250612-DI1;506.00
1309215600;000000250612-DI1;457.00
1309219200;000000250612-DI1;415.00
1309222800;000000250612-DI1;508.00
1309226400;000000250612-DI1;398.00
1309230000;000000250612-DI1;430.00
1309233600;000000250612-DI1;586.00
1309237200;000000250612-DI1;633.00
1309240800;000000250612-DI1;656.00
1309244400;000000250612-DI1;638.00
1309248000;000000250612-DI1;638.00
1309251600;000000250612-DI1;602.00
1309255200;000000250612-DI1;624.00
1309258800;000000250612-DI1;638.00
1309262400;000000250612-DI1;634.00
1309266000;000000250612-DI1;659.00
1309269600;000000250612-DI1;626.00
1309273200;000000250612-DI1;653.00
1309276800;000000250612-DI1;671.00
1309280400;000000250612-DI1;725.00
1309284000;000000250612-DI1;763.00
1309287600;000000250612-DI1;920.00
1309291200;000000250612-DI1;925.00
1309294800;000000250612-DI1;713.00
1309298400;000000250612-DI1;508.00
1309302000;000000250612-DI1;436.00
1309305600;000000250612-DI1;479.00
1309309200;000000250612-DI1;450.00
1309312800;000000250612-DI1;451.00
1309316400;000000250612-DI1;477.00
1309320000;000000250612-DI1;609.00
1309323600;000000250612-DI1;690.00
1309327200;000000250612-DI1;688.00
1309330800;000000250612-DI1;642.00
1309334400;000000250612-DI1;631.00
1309338000;000000250612-DI1;632.00
1309341600;000000250612-DI1;618.00
1309345200;000000250612-DI1;624.00
1309348800;000000250612-DI1;772.00
1309352400;000000250612-DI1;685.00
1309356000;000000250612-DI1;652.00
1309359600;000000250612-DI1;708.00
1309363200;000000250612-DI1;822.00
1309366800;000000250612-DI1;810.00
1309370400;000000250612-DI1;742.00
1309374000;000000250612-DI1;694.00
1309377600;000000250612-DI1;681.00
1309381200;000000250612-DI1;651.00
1309384800;000000250612-DI1;528.00
1309388400;000000250612-DI1;489.00
1309392000;000000250612-DI1;462.00
1309395600;000000250612-DI1;487.00
1309399200;000000250612-DI1;475.00
1309402800;000000250612-DI1;483.00
1309406400;000000250612-DI1;593.00
1309410000;000000250612-DI1;669.00
1309413600;000000250612-DI1;667.00
1309417200;000000250612-DI1;702.00
1309420800;000000250612-DI1;710.00
1309424400;000000250612-DI1;710.00
1309428000;000000250612-DI1;740.00
1309431600;000000250612-DI1;715.00
1309435200;000000250612-DI1;733.00
1309438800;000000250612-DI1;719.00
1309442400;000000250612-DI1;711.00
1309446000;000000250612-DI1;728.00
1309449600;000000250612-DI1;788.00
1309453200;000000250612-DI1;714.00
1309456800;000000250612-DI1;763.00
1309460400;000000250612-DI1;843.00
1309464000;000000250612-DI1;810.00
1309467600;000000250612-DI1;762.00
1309471200;000000250612-DI1;530.00
1309474800;000000250612-DI1;468.00
1309478400;000000250612-DI1;457.00
1309482000;000000250612-DI1;462.00
1309485600;000000250612-DI1;407.00
1309489200;000000250612-DI1;412.00
1309492800;000000250612-DI1;622.00
1309496400;000000250612-DI1;679.00
1309500000;000000250612-DI1;751.00
1309503600;000000250612-DI1;687.00
1309507200;000000250612-DI1;770.00
1309510800;000000250612-DI1;796.00
1309514400;000000250612-DI1;691.00
1309518000;000000250612-DI1;665.00
1309521600;000000250612-DI1;648.00
1309525200;000000250612-DI1;634.00
1309528800;000000250612-DI1;690.00
1309532400;000000250612-DI1;674.00
1309536000;000000250612-DI1;681.00
1309539600;000000250612-DI1;668.00
1309543200;000000250612-DI1;690.00
1309546800;000000250612-DI1;670.00
1309550400;000000250612-DI1;651.00
1309554000;000000250612-DI1;619.00
1309557600;000000250612-DI1;506.00
1309561200;000000250612-DI1;445.00
1309564800;000000250612-DI1;454.00
1309568400;000000250612-DI1;444.00
1309572000;000000250612-DI1;450.00
1309575600;000000250612-DI1;461.00
1309579200;000000250612-DI1;581.00
1309582800;000000250612-DI1;632.00
1309586400;000000250612-DI1;622.00
1309590000;000000250612-DI1;678.00
1309593600;000000250612-DI1;663.00
1309597200;000000250612-DI1;674.00
1309600800;000000250612-DI1;668.00
1309604400;000000250612-DI1;675.00
1309608000;000000250612-DI1;676.00
1309611600;000000250612-DI1;625.00
1309615200;000000250612-DI1;610.00
1309618800;000000250612-DI1;601.00
1309622400;000000250612-DI1;593.00
1309626000;000000250612-DI1;636.00
1309629600;000000250612-DI1;657.00
1309633200;000000250612-DI1;644.00
1309636800;000000250612-DI1;696.00
1309640400;000000250612-DI1;709.00
1309644000;000000250612-DI1;535.00
1309647600;000000250612-DI1;448.00
1309651200;000000250612-DI1;403.00
1309654800;000000250612-DI1;461.00
1309658400;000000250612-DI1;472.00
1309662000;000000250612-DI1;447.00
1309665600;000000250612-DI1;625.00
1309669200;000000250612-DI1;694.00
1309672800;000000250612-DI1;679.00
1309676400;000000250612-DI1;632.00
1309680000;000000250612-DI1;594.00
1309683600;000000250612-DI1;579.00
1309687200;000000250612-DI1;646.00
1309690800;000000250612-DI1;615.00
1309694400;000000250612-DI1;644.00
1309698000;000000250612-DI1;633.00
1309701600;000000250612-DI1;635.00
1309705200;000000250612-DI1;637.00
1309708800;000000250612-DI1;643.00
1309712400;000000250612-DI1;582.00
1309716000;000000250612-DI1;578.00
1309719600;000000250612-DI1;644.00
1309723200;000000250612-DI1;631.00
1309726800;000000250612-DI1;672.00
1309730400;000000250612-DI1;515.00
1309734000;000000250612-DI1;484.00
1309737600;000000250612-DI1;452.00
1309741200;000000250612-DI1;436.00
1309744800;000000250612-DI1;399.00
1309748400;000000250612-DI1;452.00
1309752000;000000250612-DI1;616.00
1309755600;000000250612-DI1;679.00
1309759200;000000250612-DI1;682.00
1309762800;000000250612-DI1;676.00
1309766400;000000250612-DI1;689.00
1309770000;000000250612-DI1;675.00
1309773600;000000250612-DI1;625.00
1309777200;000000250612-DI1;595.00
1309780800;000000250612-DI1;622.00
1309784400;000000250612-DI1;626.00
1309788000;000000250612-DI1;642.00
1309791600;000000250612-DI1;635.00
1309795200;000000250612-DI1;658.00
1309798800;000000250612-DI1;625.00
1309802400;000000250612-DI1;613.00
1309806000;000000250612-DI1;580.00
1309809600;000000250612-DI1;644.00
1309813200;000000250612-DI1;707.00
1309816800;000000250612-DI1;531.00
1309820400;000000250612-DI1;451.00
1309824000;000000250612-DI1;474.00
1309827600;000000250612-DI1;458.00
1309831200;000000250612-DI1;416.00
1309834800;000000250612-DI1;417.00
1309838400;000000250612-DI1;601.00
1309842000;000000250612-DI1;699.00
1309845600;000000250612-DI1;667.00
1309849200;000000250612-DI1;693.00
1309852800;000000250612-DI1;689.00
1309856400;000000250612-DI1;680.00
1309860000;000000250612-DI1;693.00
1309863600;000000250612-DI1;614.00
1309867200;000000250612-DI1;591.00
1309870800;000000250612-DI1;642.00
1309874400;000000250612-DI1;639.00
1309878000;000000250612-DI1;647.00
1309881600;000000250612-DI1;768.00
1309885200;000000250612-DI1;720.00
1309888800;000000250612-DI1;668.00
1309892400;000000250612-DI1;610.00
1309896000;000000250612-DI1;605.00
1309899600;000000250612-DI1;674.00
1309903200;000000250612-DI1;562.00
1309906800;000000250612-DI1;481.00
1309910400;000000250612-DI1;478.00
1309914000;000000250612-DI1;489.00
1309917600;000000250612-DI1;475.00
1309921200;000000250612-DI1;469.00
1309924800;000000250612-DI1;608.00
1309928400;000000250612-DI1;663.00
1309932000;000000250612-DI1;643.00
1309935600;000000250612-DI1;692.00
1309939200;000000250612-DI1;688.00
1309942800;000000250612-DI1;697.00
1309946400;000000250612-DI1;748.00
1309950000;000000250612-DI1;690.00
1309953600;000000250612-DI1;747.00
1309957200;000000250612-DI1;853.00
1309960800;000000250612-DI1;637.00
1309964400;000000250612-DI1;638.00
1309968000;000000250612-DI1;656.00
1309971600;000000250612-DI1;655.00
1309975200;000000250612-DI1;684.00
1309978800;000000250612-DI1;650.00
1309982400;000000250612-DI1;631.00
1309986000;000000250612-DI1;634.00
1309989600;000000250612-DI1;563.00
1309993200;000000250612-DI1;506.00
1309996800;000000250612-DI1;474.00
1310000400;000000250612-DI1;504.00
1310004000;000000250612-DI1;464.00
1310007600;000000250612-DI1;402.00
1310011200;000000250612-DI1;647.00
1310014800;000000250612-DI1;695.00
1310018400;000000250612-DI1;714.00
1310022000;000000250612-DI1;642.00
1310025600;000000250612-DI1;678.00
1310029200;000000250612-DI1;667.00
1310032800;000000250612-DI1;677.00
1310036400;000000250612-DI1;606.00
1310040000;000000250612-DI1;652.00
1310043600;000000250612-DI1;663.00
1310047200;000000250612-DI1;681.00
1310050800;000000250612-DI1;675.00
1310054400;000000250612-DI1;679.00
1310058000;000000250612-DI1;675.00
1310061600;000000250612-DI1;630.00
1310065200;000000250612-DI1;626.00
1310068800;000000250612-DI1;696.00
1310072400;000000250612-DI1;706.00
1310076000;000000250612-DI1;587.00
1310079600;000000250612-DI1;494.00
1310083200;000000250612-DI1;489.00
1310086800;000000250612-DI1;495.00
1310090400;000000250612-DI1;433.00
1310094000;000000250612-DI1;458.00
1310097600;000000250612-DI1;663.00
1310101200;000000250612-DI1;688.00
1310104800;000000250612-DI1;734.00
1310108400;000000250612-DI1;710.00
1310112000;000000250612-DI1;711.00
1310115600;000000250612-DI1;715.00
1310119200;000000250612-DI1;692.00
1310122800;000000250612-DI1;715.00
1310126400;000000250612-DI1;678.00
1310130000;000000250612-DI1;691.00
1310133600;000000250612-DI1;659.00
1310137200;000000250612-DI1;687.00
1310140800;000000250612-DI1;667.00
1310144400;000000250612-DI1;647.00
1310148000;000000250612-DI1;672.00
1310151600;000000250612-DI1;712.00
1310155200;000000250612-DI1;721.00
1310158800;000000250612-DI1;697.00
1310162400;000000250612-DI1;536.00
1310166000;000000250612-DI1;415.00
1310169600;000000250612-DI1;456.00
1310173200;000000250612-DI1;488.00
1310176800;000000250612-DI1;471.00
1310180400;000000250612-DI1;476.00
1310184000;000000250612-DI1;640.00
1310187600;000000250612-DI1;695.00
1310191200;000000250612-DI1;708.00
1310194800;000000250612-DI1;664.00
1310198400;000000250612-DI1;663.00
1310202000;000000250612-DI1;639.00
1310205600;000000250612-DI1;703.00
1310209200;000000250612-DI1;637.00
1310212800;000000250612-DI1;667.00
1310216400;000000250612-DI1;677.00
1310220000;000000250612-DI1;694.00
1310223600;000000250612-DI1;708.00
1310227200;000000250612-DI1;665.00
1310230800;000000250612-DI1;656.00
1310234400;000000250612-DI1;697.00
1310238000;000000250612-DI1;712.00
1310241600;000000250612-DI1;720.00
1310245200;000000250612-DI1;730.00
1310248800;000000250612-DI1;604.00
1310252400;000000250612-DI1;541.00
1310256000;000000250612-DI1;483.00
1310259600;000000250612-DI1;486.00
1310263200;000000250612-DI1;519.00
1310266800;000000250612-DI1;526.00
1310270400;000000250612-DI1;684.00
1310274000;000000250612-DI1;753.00
1310277600;000000250612-DI1;762.00
1310281200;000000250612-DI1;717.00
1310284800;000000250612-DI1;685.00
1310288400;000000250612-DI1;671.00
1310292000;000000250612-DI1;673.00
1310295600;000000250612-DI1;708.00
1310299200;000000250612-DI1;714.00
1310302800;000000250612-DI1;746.00
1310306400;000000250612-DI1;724.00
1310310000;000000250612-DI1;710.00
1310313600;000000250612-DI1;755.00
1310317200;000000250612-DI1;680.00
1310320800;000000250612-DI1;632.00
1310324400;000000250612-DI1;643.00
1310328000;000000250612-DI1;702.00
1310331600;000000250612-DI1;707.00
1310335200;000000250612-DI1;561.00
1310338800;000000250612-DI1;492.00
1310342400;000000250612-DI1;506.00
1310346000;000000250612-DI1;467.00
1310349600;000000250612-DI1;467.00
1310353200;000000250612-DI1;449.00
1310356800;000000250612-DI1;646.00
1310360400;000000250612-DI1;731.00
1310364000;000000250612-DI1;699.00
1310367600;000000250612-DI1;710.00
1310371200;000000250612-DI1;757.00
1310432400;000000250612-DI1;537.00
1310436000;000000250612-DI1;554.00
1310439600;000000250612-DI1;565.00
1310443200;000000250612-DI1;641.00
1310446800;000000250612-DI1;734.00
1310450400;000000250612-DI1;713.00
1310454000;000000250612-DI1;718.00
1310457600;000000250612-DI1;793.00
1310461200;000000250612-DI1;829.00
1310464800;000000250612-DI1;998.00
1310468400;000000250612-DI1;770.00
1310472000;000000250612-DI1;720.00
1310475600;000000250612-DI1;771.00
1310479200;000000250612-DI1;770.00
1310482800;000000250612-DI1;716.00
1310486400;000000250612-DI1;700.00
1310490000;000000250612-DI1;747.00
1310493600;000000250612-DI1;726.00
1310497200;000000250612-DI1;710.00
1310500800;000000250612-DI1;832.00
1310504400;000000250612-DI1;933.00
1310508000;000000250612-DI1;850.00
1310511600;000000250612-DI1;654.00
1310515200;000000250612-DI1;607.00
1310518800;000000250612-DI1;482.00
1310522400;000000250612-DI1;456.00
1310526000;000000250612-DI1;446.00
1310529600;000000250612-DI1;653.00
1310533200;000000250612-DI1;689.00
1310536800;000000250612-DI1;743.00
1310540400;000000250612-DI1;696.00
1310544000;000000250612-DI1;784.00
1310547600;000000250612-DI1;744.00
1310551200;000000250612-DI1;948.00
1310554800;000000250612-DI1;807.00
1310558400;000000250612-DI1;716.00
1310562000;000000250612-DI1;723.00
1310565600;000000250612-DI1;707.00
1310569200;000000250612-DI1;725.00
1310572800;000000250612-DI1;798.00
1310576400;000000250612-DI1;699.00
1310580000;000000250612-DI1;676.00
1310583600;000000250612-DI1;686.00
1310587200;000000250612-DI1;671.00
1310590800;000000250612-DI1;758.00
1310594400;000000250612-DI1;608.00
1310598000;000000250612-DI1;545.00
1310601600;000000250612-DI1;616.00
1310605200;000000250612-DI1;639.00
1310608800;000000250612-DI1;510.00
1310612400;000000250612-DI1;531.00
1310616000;000000250612-DI1;685.00
1310619600;000000250612-DI1;794.00
1310623200;000000250612-DI1;807.00
1310626800;000000250612-DI1;766.00
1310630400;000000250612-DI1;790.00
1310634000;000000250612-DI1;803.00
1310637600;000000250612-DI1;823.00
1310641200;000000250612-DI1;796.00
1310644800;000000250612-DI1;714.00
1310648400;000000250612-DI1;699.00
1310652000;000000250612-DI1;667.00
1310655600;000000250612-DI1;669.00
1310659200;000000250612-DI1;701.00
1310662800;000000250612-DI1;780.00
1310666400;000000250612-DI1;813.00
1310670000;000000250612-DI1;918.00
1310673600;000000250612-DI1;814.00
1310677200;000000250612-DI1;849.00
1310680800;000000250612-DI1;731.00
1310684400;000000250612-DI1;698.00
1310688000;000000250612-DI1;494.00
1310691600;000000250612-DI1;494.00
1310695200;000000250612-DI1;505.00
1310698800;000000250612-DI1;485.00
1310702400;000000250612-DI1;660.00
1310706000;000000250612-DI1;752.00
1310709600;000000250612-DI1;736.00
1310713200;000000250612-DI1;680.00
1310716800;000000250612-DI1;687.00
1310720400;000000250612-DI1;674.00
1310724000;000000250612-DI1;821.00
1310727600;000000250612-DI1;940.00
1310731200;000000250612-DI1;800.00
1310734800;000000250612-DI1;724.00
1310738400;000000250612-DI1;712.00
1310742000;000000250612-DI1;756.00
1310745600;000000250612-DI1;741.00
1310749200;000000250612-DI1;780.00
1310752800;000000250612-DI1;785.00
1310756400;000000250612-DI1;754.00
1310760000;000000250612-DI1;753.00
1310763600;000000250612-DI1;774.00
1310767200;000000250612-DI1;678.00
1310770800;000000250612-DI1;635.00
1310774400;000000250612-DI1;685.00
1310778000;000000250612-DI1;648.00
1310781600;000000250612-DI1;606.00
1310785200;000000250612-DI1;605.00
1310788800;000000250612-DI1;759.00
1310792400;000000250612-DI1;800.00
1310796000;000000250612-DI1;798.00
1310799600;000000250612-DI1;796.00
1310803200;000000250612-DI1;772.00
1310806800;000000250612-DI1;831.00
1310810400;000000250612-DI1;789.00
1310814000;000000250612-DI1;887.00
1310817600;000000250612-DI1;779.00
1310821200;000000250612-DI1;752.00
1310824800;000000250612-DI1;704.00
1310828400;000000250612-DI1;722.00
1310832000;000000250612-DI1;749.00
1310835600;000000250612-DI1;749.00
1310839200;000000250612-DI1;820.00
1310842800;000000250612-DI1;763.00
1310846400;000000250612-DI1;1393.00
1310850000;000000250612-DI1;985.00
1310853600;000000250612-DI1;694.00
1310857200;000000250612-DI1;557.00
1310860800;000000250612-DI1;611.00
1310864400;000000250612-DI1;518.00
1310868000;000000250612-DI1;565.00
1310871600;000000250612-DI1;531.00
1310875200;000000250612-DI1;696.00
1310878800;000000250612-DI1;712.00
1310882400;000000250612-DI1;650.00
1310886000;000000250612-DI1;631.00
1310889600;000000250612-DI1;710.00
1310893200;000000250612-DI1;799.00
1310896800;000000250612-DI1;773.00
1310900400;000000250612-DI1;883.00
1310904000;000000250612-DI1;898.00
1310907600;000000250612-DI1;808.00
1310911200;000000250612-DI1;807.00
1310914800;000000250612-DI1;839.00
1310918400;000000250612-DI1;868.00
1310922000;000000250612-DI1;840.00
1310925600;000000250612-DI1;821.00
1310929200;000000250612-DI1;869.00
1310932800;000000250612-DI1;804.00
1310936400;000000250612-DI1;798.00
1310940000;000000250612-DI1;690.00
1310943600;000000250612-DI1;540.00
1310947200;000000250612-DI1;491.00
1310950800;000000250612-DI1;469.00
1310954400;000000250612-DI1;439.00
1310958000;000000250612-DI1;423.00
1310961600;000000250612-DI1;601.00
1310965200;000000250612-DI1;696.00
1310968800;000000250612-DI1;694.00
1310972400;000000250612-DI1;769.00
1310976000;000000250612-DI1;810.00
1310979600;000000250612-DI1;817.00
1310983200;000000250612-DI1;742.00
1310986800;000000250612-DI1;785.00
1310990400;000000250612-DI1;837.00
1310994000;000000250612-DI1;699.00
1310997600;000000250612-DI1;683.00
1311001200;000000250612-DI1;654.00
1311004800;000000250612-DI1;778.00
1311008400;000000250612-DI1;950.00
1311012000;000000250612-DI1;852.00
1311015600;000000250612-DI1;793.00
1311019200;000000250612-DI1;785.00
1311022800;000000250612-DI1;837.00
1311026400;000000250612-DI1;653.00
1311030000;000000250612-DI1;592.00
1311033600;000000250612-DI1;617.00
1311037200;000000250612-DI1;492.00
1311040800;000000250612-DI1;538.00
1311044400;000000250612-DI1;508.00
1311048000;000000250612-DI1;672.00
1311051600;000000250612-DI1;671.00
1311055200;000000250612-DI1;733.00
1311058800;000000250612-DI1;723.00
1311062400;000000250612-DI1;707.00
1311066000;000000250612-DI1;747.00
1311069600;000000250612-DI1;744.00
1311073200;000000250612-DI1;821.00
1311076800;000000250612-DI1;887.00
1311080400;000000250612-DI1;770.00
1311084000;000000250612-DI1;728.00
1311087600;000000250612-DI1;702.00
1311091200;000000250612-DI1;701.00
1311094800;000000250612-DI1;639.00
1311098400;000000250612-DI1;698.00
1311102000;000000250612-DI1;814.00
1311105600;000000250612-DI1;721.00
1311109200;000000250612-DI1;760.00
1311112800;000000250612-DI1;597.00
1311116400;000000250612-DI1;523.00
1311120000;000000250612-DI1;528.00
1311123600;000000250612-DI1;465.00
1311127200;000000250612-DI1;545.00
1311130800;000000250612-DI1;515.00
1311134400;000000250612-DI1;670.00
1311138000;000000250612-DI1;735.00
1311141600;000000250612-DI1;743.00
1311145200;000000250612-DI1;765.00
1311148800;000000250612-DI1;720.00
1311152400;000000250612-DI1;744.00
1311156000;000000250612-DI1;689.00
1311159600;000000250612-DI1;666.00
1311163200;000000250612-DI1;651.00
1311166800;000000250612-DI1;693.00
1311170400;000000250612-DI1;695.00
1311174000;000000250612-DI1;704.00
1311177600;000000250612-DI1;712.00
1311181200;000000250612-DI1;684.00
1311184800;000000250612-DI1;728.00
1311188400;000000250612-DI1;733.00
1311192000;000000250612-DI1;736.00
1311195600;000000250612-DI1;741.00
1311199200;000000250612-DI1;600.00
1311202800;000000250612-DI1;545.00
1311206400;000000250612-DI1;447.00
1311210000;000000250612-DI1;468.00
1311213600;000000250612-DI1;507.00
1311217200;000000250612-DI1;477.00
1311220800;000000250612-DI1;675.00
1311224400;000000250612-DI1;758.00
1311228000;000000250612-DI1;736.00
1311231600;000000250612-DI1;731.00
1311235200;000000250612-DI1;705.00
1311238800;000000250612-DI1;743.00
1311242400;000000250612-DI1;677.00
1311246000;000000250612-DI1;711.00
1311249600;000000250612-DI1;701.00
1311253200;000000250612-DI1;688.00
1311256800;000000250612-DI1;774.00
1311260400;000000250612-DI1;751.00
1311264000;000000250612-DI1;756.00
1311267600;000000250612-DI1;720.00
1311271200;000000250612-DI1;722.00
1311274800;000000250612-DI1;747.00
1311278400;000000250612-DI1;715.00
1311282000;000000250612-DI1;718.00
1311285600;000000250612-DI1;562.00
1311289200;000000250612-DI1;462.00
1311292800;000000250612-DI1;459.00
1311296400;000000250612-DI1;478.00
1311300000;000000250612-DI1;536.00
1311303600;000000250612-DI1;508.00
1311307200;000000250612-DI1;639.00
1311310800;000000250612-DI1;710.00
1311314400;000000250612-DI1;711.00
1311318000;000000250612-DI1;746.00
1311321600;000000250612-DI1;757.00
1311325200;000000250612-DI1;759.00
1311328800;000000250612-DI1;698.00
1311332400;000000250612-DI1;727.00
1311336000;000000250612-DI1;728.00
1311339600;000000250612-DI1;686.00
1311343200;000000250612-DI1;702.00
1311346800;000000250612-DI1;678.00
1311350400;000000250612-DI1;735.00
1311354000;000000250612-DI1;753.00
1311357600;000000250612-DI1;749.00
1311361200;000000250612-DI1;720.00
1311364800;000000250612-DI1;693.00
1311368400;000000250612-DI1;723.00
1311372000;000000250612-DI1;556.00
1311375600;000000250612-DI1;472.00
1311379200;000000250612-DI1;498.00
1311382800;000000250612-DI1;479.00
1311386400;000000250612-DI1;510.00
1311390000;000000250612-DI1;445.00
1311393600;000000250612-DI1;611.00
1311397200;000000250612-DI1;731.00
1311400800;000000250612-DI1;731.00
1311404400;000000250612-DI1;702.00
1311408000;000000250612-DI1;694.00
1311411600;000000250612-DI1;702.00
1311415200;000000250612-DI1;708.00
1311418800;000000250612-DI1;686.00
1311422400;000000250612-DI1;682.00
1311426000;000000250612-DI1;647.00
1311429600;000000250612-DI1;664.00
1311433200;000000250612-DI1;619.00
1311436800;000000250612-DI1;623.00
1311440400;000000250612-DI1;663.00
1311444000;000000250612-DI1;671.00
1311447600;000000250612-DI1;742.00
1311451200;000000250612-DI1;704.00
1311454800;000000250612-DI1;723.00
1311458400;000000250612-DI1;553.00
1311462000;000000250612-DI1;523.00
1311465600;000000250612-DI1;486.00
1311469200;000000250612-DI1;481.00
1311472800;000000250612-DI1;441.00
1311476400;000000250612-DI1;458.00
1311480000;000000250612-DI1;656.00
1311483600;000000250612-DI1;697.00
1311487200;000000250612-DI1;711.00
1311490800;000000250612-DI1;694.00
1311494400;000000250612-DI1;706.00
1311498000;000000250612-DI1;683.00
1311501600;000000250612-DI1;657.00
1311505200;000000250612-DI1;658.00
1311508800;000000250612-DI1;635.00
1311512400;000000250612-DI1;629.00
1311516000;000000250612-DI1;651.00
1311519600;000000250612-DI1;713.00
1311523200;000000250612-DI1;663.00
1311526800;000000250612-DI1;699.00
1311530400;000000250612-DI1;652.00
1311534000;000000250612-DI1;716.00
1311537600;000000250612-DI1;653.00
1311541200;000000250612-DI1;680.00
1311544800;000000250612-DI1;483.00
1311548400;000000250612-DI1;423.00
1311552000;000000250612-DI1;405.00
1311555600;000000250612-DI1;491.00
1311559200;000000250612-DI1;437.00
1311562800;000000250612-DI1;445.00
1311566400;000000250612-DI1;597.00
1311570000;000000250612-DI1;723.00
1311573600;000000250612-DI1;706.00
1311577200;000000250612-DI1;688.00
1311580800;000000250612-DI1;652.00
1311584400;000000250612-DI1;668.00
1311588000;000000250612-DI1;636.00
1311591600;000000250612-DI1;643.00
1311595200;000000250612-DI1;661.00
1311598800;000000250612-DI1;655.00
1311602400;000000250612-DI1;688.00
1311606000;000000250612-DI1;719.00
1311609600;000000250612-DI1;717.00
1311613200;000000250612-DI1;746.00
1311616800;000000250612-DI1;717.00
1311620400;000000250612-DI1;695.00
1311624000;000000250612-DI1;701.00
1311627600;000000250612-DI1;659.00
1311631200;000000250612-DI1;491.00
1311634800;000000250612-DI1;461.00
1311638400;000000250612-DI1;510.00
1311642000;000000250612-DI1;475.00
1311645600;000000250612-DI1;483.00
1311649200;000000250612-DI1;474.00
1311652800;000000250612-DI1;617.00
1311656400;000000250612-DI1;680.00
1311660000;000000250612-DI1;652.00
1311663600;000000250612-DI1;664.00
1311667200;000000250612-DI1;717.00
1311670800;000000250612-DI1;737.00
1311674400;000000250612-DI1;725.00
1311678000;000000250612-DI1;706.00
1311681600;000000250612-DI1;693.00
1311685200;000000250612-DI1;629.00
1311688800;000000250612-DI1;665.00
1311692400;000000250612-DI1;697.00
1311696000;000000250612-DI1;695.00
1311699600;000000250612-DI1;695.00
1311703200;000000250612-DI1;714.00
1311706800;000000250612-DI1;649.00
1311710400;000000250612-DI1;645.00
1311714000;000000250612-DI1;694.00
1311717600;000000250612-DI1;566.00
1311721200;000000250612-DI1;496.00
1311724800;000000250612-DI1;457.00
1311728400;000000250612-DI1;450.00
1311732000;000000250612-DI1;378.00
1311735600;000000250612-DI1;469.00
1311739200;000000250612-DI1;618.00
1311742800;000000250612-DI1;681.00
1311746400;000000250612-DI1;712.00
1311750000;000000250612-DI1;606.00
1311753600;000000250612-DI1;700.00
1311757200;000000250612-DI1;744.00
1311760800;000000250612-DI1;700.00
1311764400;000000250612-DI1;667.00
1311768000;000000250612-DI1;608.00
1311771600;000000250612-DI1;577.00
1311775200;000000250612-DI1;627.00
1311778800;000000250612-DI1;647.00
1311782400;000000250612-DI1;677.00
1311786000;000000250612-DI1;664.00
1311789600;000000250612-DI1;634.00
1311793200;000000250612-DI1;616.00
1311796800;000000250612-DI1;695.00
1311800400;000000250612-DI1;696.00
1311804000;000000250612-DI1;540.00
1311807600;000000250612-DI1;416.00
1311811200;000000250612-DI1;481.00
1311814800;000000250612-DI1;501.00
1311818400;000000250612-DI1;461.00
1311822000;000000250612-DI1;457.00
1311825600;000000250612-DI1;523.00
1311829200;000000250612-DI1;700.00
1311832800;000000250612-DI1;685.00
1311836400;000000250612-DI1;725.00
1311840000;000000250612-DI1;660.00
1311843600;000000250612-DI1;643.00
1311847200;000000250612-DI1;704.00
1311850800;000000250612-DI1;662.00
1311854400;000000250612-DI1;673.00
1311858000;000000250612-DI1;565.00
1311861600;000000250612-DI1;624.00
1311865200;000000250612-DI1;645.00
1311868800;000000250612-DI1;647.00
1311872400;000000250612-DI1;696.00
1311876000;000000250612-DI1;674.00
1311879600;000000250612-DI1;690.00
1311883200;000000250612-DI1;736.00
1311886800;000000250612-DI1;700.00
1311890400;000000250612-DI1;549.00
1311894000;000000250612-DI1;352.00
1311897600;000000250612-DI1;478.00
1311901200;000000250612-DI1;472.00
1311904800;000000250612-DI1;462.00
1311908400;000000250612-DI1;459.00
1311912000;000000250612-DI1;582.00
1311915600;000000250612-DI1;715.00
1311919200;000000250612-DI1;677.00
1311922800;000000250612-DI1;689.00
1311926400;000000250612-DI1;632.00
1311930000;000000250612-DI1;656.00
1311933600;000000250612-DI1;673.00
1311937200;000000250612-DI1;712.00
1311940800;000000250612-DI1;714.00
1311944400;000000250612-DI1;599.00
1311948000;000000250612-DI1;701.00
1311951600;000000250612-DI1;717.00
1311955200;000000250612-DI1;732.00
1311958800;000000250612-DI1;667.00
1311962400;000000250612-DI1;634.00
1311966000;000000250612-DI1;716.00
1311969600;000000250612-DI1;710.00
1311973200;000000250612-DI1;683.00
1311976800;000000250612-DI1;448.00
1311980400;000000250612-DI1;456.00
1311984000;000000250612-DI1;506.00
1311987600;000000250612-DI1;485.00
1311991200;000000250612-DI1;449.00
1311994800;000000250612-DI1;451.00
1311998400;000000250612-DI1;537.00
1312002000;000000250612-DI1;688.00
1312005600;000000250612-DI1;672.00
1312009200;000000250612-DI1;732.00
1312012800;000000250612-DI1;698.00
1312016400;000000250612-DI1;615.00
1312020000;000000250612-DI1;643.00
1312023600;000000250612-DI1;640.00
1312027200;000000250612-DI1;642.00
1312030800;000000250612-DI1;620.00
1312034400;000000250612-DI1;635.00
1312038000;000000250612-DI1;591.00
1312041600;000000250612-DI1;657.00
1312045200;000000250612-DI1;664.00
1312048800;000000250612-DI1;650.00
1312052400;000000250612-DI1;667.00
1312056000;000000250612-DI1;627.00
1312059600;000000250612-DI1;703.00
1312063200;000000250612-DI1;584.00
1312066800;000000250612-DI1;500.00
1312070400;000000250612-DI1;471.00
1312074000;000000250612-DI1;467.00
1312077600;000000250612-DI1;404.00
1312081200;000000250612-DI1;496.00
1312084800;000000250612-DI1;673.00
1312088400;000000250612-DI1;696.00
1312092000;000000250612-DI1;700.00
1312095600;000000250612-DI1;610.00
1312099200;000000250612-DI1;684.00
1312102800;000000250612-DI1;720.00
1312106400;000000250612-DI1;712.00
1312110000;000000250612-DI1;652.00
1312113600;000000250612-DI1;560.00
1312117200;000000250612-DI1;631.00
1312120800;000000250612-DI1;679.00
1312124400;000000250612-DI1;679.00
1312128000;000000250612-DI1;668.00
1312131600;000000250612-DI1;655.00
1312135200;000000250612-DI1;664.00
1312138800;000000250612-DI1;722.00
1312142400;000000250612-DI1;739.00
1312146000;000000250612-DI1;703.00
1312149600;000000250612-DI1;458.00
1312153200;000000250612-DI1;463.00
1312156800;000000250612-DI1;473.00
1312160400;000000250612-DI1;509.00
1312164000;000000250612-DI1;481.00
1312167600;000000250612-DI1;430.00
1312171200;000000250612-DI1;572.00
1312174800;000000250612-DI1;694.00
1312178400;000000250612-DI1;699.00
1312182000;000000250612-DI1;702.00
1312185600;000000250612-DI1;728.00
1312189200;000000250612-DI1;686.00
1312192800;000000250612-DI1;672.00
1312196400;000000250612-DI1;639.00
1312200000;000000250612-DI1;747.00
1312203600;000000250612-DI1;704.00
1312207200;000000250612-DI1;656.00
1312210800;000000250612-DI1;678.00
1312214400;000000250612-DI1;645.00
1312218000;000000250612-DI1;599.00
1312221600;000000250612-DI1;632.00
1312225200;000000250612-DI1;654.00
1312228800;000000250612-DI1;707.00
1312232400;000000250612-DI1;737.00
1312236000;000000250612-DI1;606.00
1312239600;000000250612-DI1;429.00
1312243200;000000250612-DI1;458.00
1312246800;000000250612-DI1;466.00
1312250400;000000250612-DI1;491.00
1312254000;000000250612-DI1;463.00
1312257600;000000250612-DI1;618.00
1312261200;000000250612-DI1;654.00
1312264800;000000250612-DI1;722.00
1312268400;000000250612-DI1;684.00
1312272000;000000250612-DI1;702.00
1312275600;000000250612-DI1;681.00
1312279200;000000250612-DI1;671.00
1312282800;000000250612-DI1;617.00
1312286400;000000250612-DI1;645.00
1312290000;000000250612-DI1;648.00
1312293600;000000250612-DI1;673.00
1312297200;000000250612-DI1;659.00
1312300800;000000250612-DI1;677.00
1312304400;000000250612-DI1;624.00
1312308000;000000250612-DI1;691.00
1312311600;000000250612-DI1;713.00
1312315200;000000250612-DI1;677.00
1312318800;000000250612-DI1;727.00
1312322400;000000250612-DI1;560.00
1312326000;000000250612-DI1;409.00
1312329600;000000250612-DI1;493.00
1312333200;000000250612-DI1;486.00
1312336800;000000250612-DI1;506.00
1312340400;000000250612-DI1;497.00
1312344000;000000250612-DI1;561.00
1312347600;000000250612-DI1;707.00
1312351200;000000250612-DI1;710.00
1312354800;000000250612-DI1;711.00
1312358400;000000250612-DI1;761.00
1312362000;000000250612-DI1;673.00
1312365600;000000250612-DI1;604.00
1312369200;000000250612-DI1;653.00
1312372800;000000250612-DI1;684.00
1312376400;000000250612-DI1;717.00
1312380000;000000250612-DI1;702.00
1312383600;000000250612-DI1;679.00
1312387200;000000250612-DI1;618.00
1312390800;000000250612-DI1;648.00
1312394400;000000250612-DI1;693.00
1312398000;000000250612-DI1;712.00
1312401600;000000250612-DI1;735.00
1312405200;000000250612-DI1;732.00
1312408800;000000250612-DI1;503.00
1312412400;000000250612-DI1;527.00
1312416000;000000250612-DI1;536.00
1312419600;000000250612-DI1;503.00
1312423200;000000250612-DI1;507.00
1312426800;000000250612-DI1;469.00
1312430400;000000250612-DI1;609.00
1312434000;000000250612-DI1;750.00
1312437600;000000250612-DI1;701.00
1312441200;000000250612-DI1;721.00
1312444800;000000250612-DI1;746.00
1312448400;000000250612-DI1;730.00
1312452000;000000250612-DI1;651.00
1312455600;000000250612-DI1;583.00
1312459200;000000250612-DI1;716.00
1312462800;000000250612-DI1;710.00
1312466400;000000250612-DI1;713.00
1312470000;000000250612-DI1;716.00
1312473600;000000250612-DI1;693.00
1312477200;000000250612-DI1;675.00
1312480800;000000250612-DI1;643.00
1312484400;000000250612-DI1;730.00
1312488000;000000250612-DI1;740.00
1312491600;000000250612-DI1;745.00
1312495200;000000250612-DI1;608.00
1312498800;000000250612-DI1;505.00
1312502400;000000250612-DI1;429.00
1312506000;000000250612-DI1;528.00
1312509600;000000250612-DI1;528.00
1312513200;000000250612-DI1;532.00
1312516800;000000250612-DI1;662.00
1312520400;000000250612-DI1;690.00
1312524000;000000250612-DI1;679.00
1312527600;000000250612-DI1;708.00
1312531200;000000250612-DI1;730.00
1312534800;000000250612-DI1;719.00
1312538400;000000250612-DI1;614.00
1312542000;000000250612-DI1;692.00
1312545600;000000250612-DI1;701.00
1312549200;000000250612-DI1;745.00
1312552800;000000250612-DI1;740.00
1312556400;000000250612-DI1;740.00
1312560000;000000250612-DI1;625.00
1312563600;000000250612-DI1;717.00
1312567200;000000250612-DI1;717.00
1312570800;000000250612-DI1;710.00
1312574400;000000250612-DI1;697.00
1312578000;000000250612-DI1;624.00
1312581600;000000250612-DI1;570.00
1312585200;000000250612-DI1;540.00
1312588800;000000250612-DI1;495.00
1312592400;000000250612-DI1;479.00
1312596000;000000250612-DI1;390.00
1312599600;000000250612-DI1;456.00
1312603200;000000250612-DI1;617.00
1312606800;000000250612-DI1;689.00
1312610400;000000250612-DI1;714.00
1312614000;000000250612-DI1;674.00
1312617600;000000250612-DI1;779.00
1312621200;000000250612-DI1;768.00
1312624800;000000250612-DI1;768.00
1312628400;000000250612-DI1;694.00
1312632000;000000250612-DI1;667.00
1312635600;000000250612-DI1;749.00
1312639200;000000250612-DI1;714.00
1312642800;000000250612-DI1;748.00
1312646400;000000250612-DI1;684.00
1312650000;000000250612-DI1;717.00
1312653600;000000250612-DI1;728.00
1312657200;000000250612-DI1;754.00
1312660800;000000250612-DI1;769.00
1312664400;000000250612-DI1;681.00
1312668000;000000250612-DI1;544.00
1312671600;000000250612-DI1;518.00
1312675200;000000250612-DI1;500.00
1312678800;000000250612-DI1;551.00
1312682400;000000250612-DI1;452.00
1312686000;000000250612-DI1;481.00
1312689600;000000250612-DI1;667.00
1312693200;000000250612-DI1;711.00
1312696800;000000250612-DI1;739.00
1312700400;000000250612-DI1;729.00
1312704000;000000250612-DI1;625.00
1312707600;000000250612-DI1;656.00
1312711200;000000250612-DI1;688.00
1312714800;000000250612-DI1;686.00
1312718400;000000250612-DI1;704.00
1312722000;000000250612-DI1;696.00
1312725600;000000250612-DI1;591.00
1312729200;000000250612-DI1;667.00
1312732800;000000250612-DI1;716.00
1312736400;000000250612-DI1;706.00
1312740000;000000250612-DI1;699.00
1312743600;000000250612-DI1;642.00
1312747200;000000250612-DI1;635.00
1312750800;000000250612-DI1;671.00
1312754400;000000250612-DI1;573.00
1312758000;000000250612-DI1;464.00
1312761600;000000250612-DI1;498.00
1312765200;000000250612-DI1;456.00
1312768800;000000250612-DI1;433.00
1312772400;000000250612-DI1;522.00
1312776000;000000250612-DI1;658.00
1312779600;000000250612-DI1;725.00
1312783200;000000250612-DI1;735.00
1312786800;000000250612-DI1;718.00
1312790400;000000250612-DI1;704.00
1312794000;000000250612-DI1;742.00
1312797600;000000250612-DI1;699.00
1312801200;000000250612-DI1;775.00
1312804800;000000250612-DI1;872.00
1312808400;000000250612-DI1;805.00
1312812000;000000250612-DI1;722.00
1312815600;000000250612-DI1;638.00
1312819200;000000250612-DI1;723.00
1312822800;000000250612-DI1;796.00
1312826400;000000250612-DI1;795.00
1312830000;000000250612-DI1;778.00
1312833600;000000250612-DI1;812.00
1312837200;000000250612-DI1;707.00
1312840800;000000250612-DI1;607.00
1312844400;000000250612-DI1;518.00
1312848000;000000250612-DI1;530.00
1312851600;000000250612-DI1;553.00
1312855200;000000250612-DI1;492.00
1312858800;000000250612-DI1;505.00
1312862400;000000250612-DI1;673.00
1312866000;000000250612-DI1;803.00
1312869600;000000250612-DI1;764.00
1312873200;000000250612-DI1;732.00
1312876800;000000250612-DI1;629.00
1312880400;000000250612-DI1;717.00
1312884000;000000250612-DI1;776.00
1312887600;000000250612-DI1;790.00
1312891200;000000250612-DI1;795.00
1312894800;000000250612-DI1;810.00
1312898400;000000250612-DI1;888.00
1312902000;000000250612-DI1;953.00
1312905600;000000250612-DI1;871.00
1312909200;000000250612-DI1;860.00
1312912800;000000250612-DI1;903.00
1312916400;000000250612-DI1;903.00
1312920000;000000250612-DI1;821.00
1312923600;000000250612-DI1;836.00
1312927200;000000250612-DI1;797.00
1312930800;000000250612-DI1;769.00
1312934400;000000250612-DI1;754.00
1312938000;000000250612-DI1;711.00
1312941600;000000250612-DI1;639.00
1312945200;000000250612-DI1;701.00
1312948800;000000250612-DI1;835.00
1312952400;000000250612-DI1;932.00
1312956000;000000250612-DI1;925.00
1312959600;000000250612-DI1;1046.00
1312963200;000000250612-DI1;944.00
1312966800;000000250612-DI1;980.00
1312970400;000000250612-DI1;984.00
1312974000;000000250612-DI1;962.00
1312977600;000000250612-DI1;905.00
1312981200;000000250612-DI1;922.00
1312984800;000000250612-DI1;858.00
1312988400;000000250612-DI1;784.00
1312992000;000000250612-DI1;856.00
1312995600;000000250612-DI1;922.00
1312999200;000000250612-DI1;843.00
1313002800;000000250612-DI1;855.00
1313006400;000000250612-DI1;976.00
1313010000;000000250612-DI1;859.00
1313013600;000000250612-DI1;655.00
1313017200;000000250612-DI1;596.00
1313020800;000000250612-DI1;557.00
1313024400;000000250612-DI1;562.00
1313028000;000000250612-DI1;596.00
1313031600;000000250612-DI1;536.00
1313035200;000000250612-DI1;653.00
1313038800;000000250612-DI1;778.00
1313042400;000000250612-DI1;759.00
1313046000;000000250612-DI1;782.00
1313049600;000000250612-DI1;776.00
1313053200;000000250612-DI1;794.00
1313056800;000000250612-DI1;847.00
1313060400;000000250612-DI1;875.00
1313064000;000000250612-DI1;1024.00
1313067600;000000250612-DI1;997.00
1313071200;000000250612-DI1;887.00
1313074800;000000250612-DI1;881.00
1313078400;000000250612-DI1;794.00
1313082000;000000250612-DI1;855.00
1313085600;000000250612-DI1;939.00
1313089200;000000250612-DI1;1280.00
1313092800;000000250612-DI1;1553.00
1313096400;000000250612-DI1;1060.00
1313100000;000000250612-DI1;992.00
1313103600;000000250612-DI1;617.00
1313107200;000000250612-DI1;629.00
